Jenna Ortega,actor
Gwendoline Christie,actor
Riki Lindhome,actor
Emma Myers,actor
Joy Sunday,actor
Naomi J. Ogawa,actor
Christina Ricci,actor
Jamie McShane,actor
Hunter Doohan,actor
Percy Hynes White,actor
Georgie Farmer,actor
Johnna Dias-Watson,actor
Oliver Watson,actor
Victor Dorobantu,actor
Moosa Mostafa,actor
Daniel Himschoot,actor
Luyanda Unati Lewis-Nyawo,actor
Iman Marson,actor
Calum Ross,actor
Cezar Grumazescu,actor
Tommie Earl Jenkins,actor
Catherine Zeta-Jones,actor
Morgan Beale,actor
George Burcea,actor
Islam Bouakkaz,actor
William Houston,actor
Karina Varadi,actor
Rina Mahoney,actor
Georgia Goodman,actor
Murray McArthur,actor
Fred Armisen,actor
Luis Guzm�n,actor
Olimpia Malai,actor
Isaac Ordonez,actor
Nitin Ganatra,actor
Lucius Hoyos,actor
Cheherezade Valentine Okotaka Ebale,actor
Oliver Wickham,actor
Edward Kennedy,actor
Ismail Kesu,actor
Caroline Lawrie,actor
Lachele Carl,actor
Gwen Jones,actor
Lisa O'Hare,actor
Sophia Nomvete,actor
Ichir� Y�ki,actor
Amanda Drew,actor
Ryan Ellsworth,actor
Gloria Garcia,actor
Gracy Goldman,actor
Lewis Hayes,actor
Philip Rosch,actor
Michael Okele,actor
Chloe Cate,actor
Jenny Umbhau,stunt 
Daniel Visan,stunt 
Nailah Johnson,stunt 
Kinga Kives,stunt 
Alexandre Lopoka,stunt 
Milena Brewster,stunt 
Maxime Coulon,stunt 
Gabrielle Anne Desy,stunt 
Victoria Goodman,stunt 
Daniel Himschoot,stunt 
Matt Kennedy,stunt 
Kaanchana Kerr,stunt 
Darlene Pineda,stunt 
Phedra Syndelle,stunt 
Alexandra Vilcsek,stunt 
